{
    "Skyscraper_fire": {
        "0": {
            "Q18142": 0.09375,
            "Q811979": 0.03125,
            "Q11303": 1.0,
            "Q1021645": 0.21875,
            "Q11755880": 0.0625,
            "Q13402009": 0.03125,
            "Q811430": 0.03125,
            "Q1497364": 0.21875,
            "Q853854": 0.03125,
            "Q570116": 0.1875,
            "Q27686": 0.25,
            "Q133215": 0.09375,
            "Q875157": 0.0625,
            "Q1060829": 0.03125,
            "Q11166728": 0.03125,
            "Q41176": 0.125,
            "Q7625093": 0.03125,
            "Q1190554": 0.03125,
            "Q16831714": 0.0625,
            "Q19860854": 0.03125,
            "Q18761864": 0.0625,
            "Q11315": 0.03125,
            "Q2304397": 0.03125,
            "Q109607": 0.03125,
            "Q63099748": 0.03125,
            "Q83405": 0.03125,
            "Q19844914": 0.03125,
            "Q1081138": 0.03125,
            "Q16852719": 0.03125,
            "Q8719053": 0.03125,
            "Q12518": 0.03125
        }
    },
    "Stabilimento_Tecnico_Triestino": {
        "0": {
            "Q1051067": 1.0,
            "Q11446": 0.5,
            "Q559026": 0.16666666666666666,
            "Q182531": 0.3333333333333333,
            "Q1410980": 0.5
        }
    },
    "Swimming_at_the_2002_Commonwealth_Games_\u2013_Women's_50_metres_butterfly": {
        "3": {
            "Q5": 1.0
        }
    },
    "Taken_Out": {
        "0": {
            "Q15634554": 0.125,
            "Q842112": 0.125,
            "Q859563": 0.125,
            "Q6256": 1.0,
            "Q465613": 0.125,
            "Q118365": 0.125,
            "Q2301091": 0.125,
            "Q3624078": 1.0,
            "Q1520223": 0.25,
            "Q41614": 0.125,
            "Q49892": 0.125,
            "Q112099": 0.125,
            "Q99541706": 0.125,
            "Q13107770": 0.125,
            "Q51576574": 0.25,
            "Q179164": 0.375,
            "Q7270": 0.25,
            "Q63791824": 0.25
        }
    },
    "Tanks_of_Iraq": {
        "0": {
            "Q37761255": 1.0,
            "Q100709275": 0.4,
            "Q920182": 0.4,
            "Q100710213": 0.2,
            "Q1069116": 0.2
        }
    },
    "Tara_Air": {
        "0": {
            "Q515": 1.0,
            "Q28544871": 0.5,
            "Q902814": 0.5,
            "Q486972": 0.5,
            "Q1530705": 0.5,
            "Q1549591": 1.0,
            "Q15284": 0.5,
            "Q5119": 0.5,
            "Q28464789": 0.5
        }
    },
    "The_American_Short_Story": {
        "1": {
            "Q7725634": 1.0,
            "Q17537576": 0.09090909090909091,
            "Q47461344": 0.09090909090909091
        }
    },
    "The_Rolling_Stones_American_Tour_1966": {
        "1": {
            "Q62049": 0.5,
            "Q1549591": 1.0,
            "Q63440326": 0.25,
            "Q1093829": 0.75,
            "Q902814": 0.25,
            "Q60458065": 0.25,
            "Q1266818": 0.25
        }
    },
    "Toronto_Film_Critics_Association_Award_for_Best_Actress": {
        "1": {
            "Q5": 1.0
        }
    },
    "Tri-County_Conference_(Northern_Indiana)": {
        "0": {
            "Q15127012": 1.0,
            "Q9826": 1.0
        }
    },
    "USA_Today_All-USA_high_school_football_team": {
        "0": {
            "Q5": 1.0
        }
    },
    "Vadodara_(Lok_Sabha_constituency)": {
        "1": {
            "Q5": 1.0
        }
    },
    "Vedha_(music_director)": {
        "1": {
            "Q11424": 1.0
        }
    },
    "Walter_Payton_Award": {
        "1": {
            "Q5": 1.0
        }
    },
    "West_Air_(China)": {
        "1": {
            "Q748149": 0.8148148148148148,
            "Q515": 0.37037037037037035,
            "Q1637706": 1.0,
            "Q1549591": 0.9259259259259259,
            "Q50330360": 0.07407407407407407,
            "Q1066538": 0.1111111111111111,
            "Q5119": 0.14814814814814814,
            "Q1208802": 0.18518518518518517,
            "Q1070990": 0.1111111111111111,
            "Q2264924": 0.14814814814814814,
            "Q788104": 0.037037037037037035,
            "Q902814": 0.037037037037037035,
            "Q133442": 0.037037037037037035,
            "Q6256": 0.037037037037037035,
            "Q112099": 0.037037037037037035,
            "Q3624078": 0.037037037037037035,
            "Q250811": 0.25925925925925924,
            "Q12102963": 0.1111111111111111,
            "Q1289426": 0.037037037037037035,
            "Q65589340": 0.07407407407407407,
            "Q1749269": 0.07407407407407407,
            "Q11279677": 0.037037037037037035,
            "Q486972": 0.037037037037037035
        }
    },
    "Ynna_Asistio": {
        "1": {
            "Q5398426": 1.0,
            "Q29946056": 0.047619047619047616,
            "Q1637706": 0.047619047619047616,
            "Q1549591": 0.047619047619047616,
            "Q108178728": 0.047619047619047616,
            "Q50330360": 0.047619047619047616,
            "Q15416": 0.047619047619047616,
            "Q31235": 0.047619047619047616
        }
    },
    "Yo_soy_Betty,_la_fea": {
        "0": {
            "Q6256": 1.0,
            "Q1323642": 0.16,
            "Q3624078": 0.96,
            "Q51576574": 0.28,
            "Q859563": 0.16,
            "Q512187": 0.16,
            "Q4209223": 0.2,
            "Q15304003": 0.04,
            "Q185145": 0.04,
            "Q619610": 0.16,
            "Q63791824": 0.08,
            "Q15634554": 0.04,
            "Q842112": 0.04,
            "Q465613": 0.04,
            "Q118365": 0.04,
            "Q2301091": 0.04,
            "Q1520223": 0.16,
            "Q1951661": 0.04,
            "Q179164": 0.16,
            "Q7270": 0.24,
            "Q339834": 0.04,
            "Q5255892": 0.12,
            "Q223832": 0.04,
            "Q1489259": 0.04,
            "Q99541706": 0.04,
            "Q849866": 0.04,
            "Q43702": 0.08,
            "Q236036": 0.04,
            "Q20181813": 0.04,
            "Q185441": 0.04,
            "Q1250464": 0.08,
            "Q13107770": 0.04,
            "Q123480": 0.08,
            "Q41614": 0.04,
            "Q48349": 0.04,
            "Q6266": 0.04
        }
    },
    "Y\u016b_Aoi": {
        "1": {
            "Q11424": 1.0,
            "Q7725634": 0.045454545454545456,
            "Q336144": 0.045454545454545456,
            "Q20650540": 0.045454545454545456
        }
    }
}